split,filepath,label
val,val/wild/flickr_wild_000133.png,2
train,train/wild/flickr_wild_001103.png,2
train,train/wild/flickr_wild_002156.png,2
train,train/dog/flickr_dog_000165.png,1
val,val/cat/pixabay_cat_004104.png,0
train,train/cat/pixabay_cat_000462.png,0
val,val/cat/pixabay_cat_004586.png,0
train,train/wild/pixabay_wild_000738.png,2
train,train/wild/flickr_wild_001443.png,2
val,val/wild/pixabay_wild_001094.png,2
train,train/wild/pixabay_wild_000254.png,2
val,val/wild/flickr_wild_001258.png,2
val,val/wild/flickr_wild_002747.png,2
train,train/dog/pixabay_dog_001475.png,1
val,val/wild/flickr_wild_001846.png,2
train,train/cat/flickr_cat_000318.png,0
val,val/cat/flickr_cat_000816.png,0
train,train/dog/pixabay_dog_002065.png,1
val,val/dog/pixabay_dog_003251.png,1
train,train/dog/pixabay_dog_001326.png,1
val,val/wild/flickr_wild_003388.png,2
train,train/cat/pixabay_cat_002657.png,0
train,train/wild/flickr_wild_000400.png,2
val,val/dog/pixabay_dog_003975.png,1
train,train/dog/flickr_dog_000868.png,1
train,train/dog/pixabay_dog_000804.png,1
train,train/dog/pixabay_dog_002322.png,1
train,train/wild/flickr_wild_002101.png,2
train,train/dog/flickr_dog_000383.png,1
train,train/dog/pixabay_dog_002720.png,1
val,val/wild/flickr_wild_000194.png,2
val,val/dog/pixabay_dog_003465.png,1
val,val/cat/pixabay_cat_001724.png,0
train,train/dog/flickr_dog_000960.png,1
train,train/dog/pixabay_dog_001091.png,1
train,train/wild/flickr_wild_002688.png,2
train,train/cat/pixabay_cat_001594.png,0
val,val/dog/flickr_dog_000334.png,1
train,train/wild/flickr_wild_001117.png,2
train,train/dog/pixabay_dog_003039.png,1
val,val/wild/flickr_wild_001321.png,2
val,val/wild/pixabay_wild_000584.png,2
val,val/dog/pixabay_dog_000550.png,1
val,val/wild/flickr_wild_003137.png,2
val,val/dog/flickr_dog_001120.png,1
val,val/dog/pixabay_dog_002979.png,1
train,train/dog/pixabay_dog_003330.png,1
train,train/dog/pixabay_dog_003034.png,1
val,val/wild/flickr_wild_002259.png,2
train,train/cat/pixabay_cat_004622.png,0
train,train/cat/pixabay_cat_000098.png,0
val,val/wild/flickr_wild_001096.png,2
train,train/cat/pixabay_cat_004674.png,0
val,val/wild/flickr_wild_002210.png,2
train,train/wild/flickr_wild_003086.png,2
val,val/wild/flickr_wild_002112.png,2
val,val/dog/flickr_dog_000823.png,1
val,val/wild/flickr_wild_002064.png,2
train,train/wild/flickr_wild_002619.png,2
val,val/dog/pixabay_dog_001898.png,1
train,train/wild/flickr_wild_003032.png,2
train,train/dog/pixabay_dog_002946.png,1
val,val/wild/flickr_wild_003712.png,2
val,val/cat/pixabay_cat_000151.png,0
val,val/cat/pixabay_cat_000696.png,0
train,train/cat/pixabay_cat_001879.png,0
val,val/cat/pixabay_cat_002347.png,0
val,val/dog/pixabay_dog_000607.png,1
val,val/wild/flickr_wild_001397.png,2
val,val/cat/pixabay_cat_004166.png,0
train,train/wild/flickr_wild_003343.png,2
val,val/wild/flickr_wild_002603.png,2
train,train/wild/flickr_wild_002869.png,2
val,val/cat/pixabay_cat_004434.png,0
val,val/cat/pixabay_cat_002927.png,0
val,val/dog/flickr_dog_000079.png,1
val,val/dog/pixabay_dog_002766.png,1
train,train/wild/flickr_wild_001465.png,2
val,val/cat/pixabay_cat_002997.png,0
train,train/wild/flickr_wild_002118.png,2
val,val/dog/pixabay_dog_002304.png,1
val,val/dog/pixabay_dog_003493.png,1
val,val/wild/flickr_wild_001448.png,2
val,val/dog/pixabay_dog_002447.png,1
val,val/wild/flickr_wild_001286.png,2
train,train/wild/flickr_wild_000249.png,2
val,val/cat/pixabay_cat_000355.png,0
train,train/wild/flickr_wild_003814.png,2
train,train/cat/pixabay_cat_000732.png,0
train,train/dog/pixabay_dog_001910.png,1
train,train/wild/pixabay_wild_000440.png,2
train,train/wild/flickr_wild_003886.png,2
train,train/wild/flickr_wild_001703.png,2
val,val/dog/pixabay_dog_000935.png,1
val,val/wild/pixabay_wild_000613.png,2
val,val/cat/pixabay_cat_003197.png,0
val,val/dog/pixabay_dog_001912.png,1
val,val/dog/flickr_dog_000452.png,1
train,train/cat/pixabay_cat_000131.png,0
val,val/cat/flickr_cat_000008.png,0
train,train/dog/pixabay_dog_002039.png,1
val,val/cat/flickr_cat_000554.png,0
train,train/cat/pixabay_cat_001551.png,0
train,train/wild/flickr_wild_003455.png,2
train,train/wild/flickr_wild_002324.png,2
val,val/dog/flickr_dog_001041.png,1
train,train/wild/flickr_wild_001260.png,2
val,val/cat/pixabay_cat_000935.png,0
train,train/dog/pixabay_dog_001886.png,1
train,train/dog/pixabay_dog_003454.png,1
train,train/dog/pixabay_dog_003219.png,1
train,train/wild/flickr_wild_001192.png,2
val,val/dog/pixabay_dog_002199.png,1
val,val/wild/flickr_wild_002272.png,2
train,train/cat/pixabay_cat_001714.png,0
val,val/wild/pixabay_wild_000274.png,2
train,train/wild/flickr_wild_003577.png,2
train,train/wild/flickr_wild_003705.png,2
train,train/dog/flickr_dog_001037.png,1
val,val/wild/flickr_wild_000075.png,2
train,train/dog/pixabay_dog_001270.png,1
train,train/cat/pixabay_cat_001695.png,0
val,val/dog/pixabay_dog_003068.png,1
train,train/dog/flickr_dog_000984.png,1
val,val/dog/pixabay_dog_000453.png,1
val,val/cat/flickr_cat_000418.png,0
train,train/cat/pixabay_cat_002983.png,0
val,val/dog/pixabay_dog_003667.png,1
val,val/cat/pixabay_cat_000831.png,0
val,val/wild/flickr_wild_000833.png,2
val,val/dog/flickr_dog_000706.png,1
val,val/cat/pixabay_cat_003723.png,0
train,train/wild/pixabay_wild_000115.png,2
train,train/cat/pixabay_cat_003385.png,0
train,train/cat/flickr_cat_000047.png,0
train,train/wild/pixabay_wild_000807.png,2
val,val/wild/pixabay_wild_001192.png,2
train,train/wild/flickr_wild_003139.png,2
train,train/wild/flickr_wild_002669.png,2
val,val/wild/flickr_wild_003475.png,2
train,train/dog/flickr_dog_000114.png,1
val,val/dog/flickr_dog_000715.png,1
val,val/dog/flickr_dog_000538.png,1
val,val/cat/pixabay_cat_003773.png,0
val,val/cat/pixabay_cat_000791.png,0
val,val/wild/flickr_wild_000738.png,2
val,val/dog/pixabay_dog_000301.png,1
val,val/cat/pixabay_cat_003890.png,0
val,val/wild/pixabay_wild_001224.png,2
train,train/cat/pixabay_cat_000191.png,0
val,val/cat/pixabay_cat_000040.png,0
train,train/wild/flickr_wild_003742.png,2
train,train/wild/flickr_wild_001123.png,2
val,val/cat/pixabay_cat_004379.png,0
val,val/cat/pixabay_cat_002198.png,0
train,train/cat/pixabay_cat_001218.png,0
train,train/cat/pixabay_cat_000838.png,0
train,train/cat/pixabay_cat_001328.png,0
val,val/cat/pixabay_cat_002232.png,0
val,val/dog/flickr_dog_000827.png,1
val,val/dog/pixabay_dog_000473.png,1
val,val/cat/pixabay_cat_001727.png,0
val,val/cat/flickr_cat_000628.png,0
val,val/dog/pixabay_dog_000454.png,1
train,train/cat/pixabay_cat_003727.png,0
val,val/wild/flickr_wild_001308.png,2
train,train/cat/pixabay_cat_004170.png,0
val,val/cat/pixabay_cat_004188.png,0
train,train/wild/pixabay_wild_000033.png,2
val,val/cat/pixabay_cat_001212.png,0
val,val/wild/flickr_wild_003380.png,2
train,train/cat/pixabay_cat_002571.png,0
train,train/dog/pixabay_dog_000595.png,1
val,val/cat/pixabay_cat_003688.png,0
val,val/dog/pixabay_dog_001651.png,1
train,train/wild/flickr_wild_001185.png,2
val,val/dog/pixabay_dog_002329.png,1
val,val/wild/flickr_wild_001602.png,2
train,train/dog/pixabay_dog_002248.png,1
val,val/dog/pixabay_dog_001069.png,1
train,train/cat/pixabay_cat_002781.png,0
train,train/dog/pixabay_dog_001334.png,1
train,train/cat/pixabay_cat_003030.png,0
val,val/cat/pixabay_cat_002009.png,0
val,val/wild/flickr_wild_002139.png,2
train,train/dog/pixabay_dog_001890.png,1
val,val/cat/flickr_cat_000216.png,0
val,val/dog/pixabay_dog_001536.png,1
train,train/wild/flickr_wild_001454.png,2
val,val/wild/flickr_wild_001606.png,2
train,train/cat/pixabay_cat_000779.png,0
val,val/wild/flickr_wild_000373.png,2
val,val/wild/flickr_wild_000599.png,2
train,train/wild/flickr_wild_003329.png,2
val,val/dog/pixabay_dog_003728.png,1
train,train/wild/flickr_wild_002368.png,2
val,val/wild/flickr_wild_003465.png,2
val,val/dog/pixabay_dog_003095.png,1
train,train/wild/flickr_wild_001917.png,2
val,val/dog/pixabay_dog_003335.png,1
train,train/wild/flickr_wild_003395.png,2
val,val/wild/flickr_wild_002829.png,2
train,train/cat/pixabay_cat_001880.png,0
train,train/wild/pixabay_wild_000676.png,2
val,val/wild/flickr_wild_003130.png,2
train,train/wild/pixabay_wild_000875.png,2
val,val/wild/flickr_wild_001576.png,2
val,val/wild/flickr_wild_002936.png,2
val,val/wild/flickr_wild_002500.png,2
train,train/dog/pixabay_dog_003711.png,1
train,train/dog/pixabay_dog_000604.png,1
val,val/dog/pixabay_dog_000227.png,1
train,train/dog/pixabay_dog_001419.png,1
train,train/dog/pixabay_dog_001829.png,1
train,train/dog/pixabay_dog_003243.png,1
val,val/cat/pixabay_cat_003079.png,0
val,val/wild/flickr_wild_001114.png,2
val,val/dog/pixabay_dog_000848.png,1
val,val/wild/pixabay_wild_001043.png,2
val,val/dog/pixabay_dog_001199.png,1
val,val/cat/pixabay_cat_002488.png,0
val,val/cat/flickr_cat_000230.png,0
val,val/cat/pixabay_cat_004480.png,0
train,train/wild/flickr_wild_001236.png,2
val,val/cat/pixabay_cat_002241.png,0
train,train/dog/pixabay_dog_003147.png,1
val,val/cat/pixabay_cat_000708.png,0
val,val/dog/pixabay_dog_003309.png,1
train,train/wild/flickr_wild_002334.png,2
train,train/cat/pixabay_cat_004660.png,0
val,val/dog/pixabay_dog_000521.png,1
train,train/dog/pixabay_dog_003877.png,1
val,val/wild/pixabay_wild_000414.png,2
val,val/cat/pixabay_cat_003204.png,0
train,train/wild/flickr_wild_002732.png,2
val,val/dog/pixabay_dog_003552.png,1
val,val/cat/pixabay_cat_004693.png,0
val,val/dog/pixabay_dog_003489.png,1
train,train/wild/flickr_wild_001926.png,2
val,val/cat/pixabay_cat_001464.png,0
val,val/dog/flickr_dog_000626.png,1
train,train/cat/pixabay_cat_000619.png,0
train,train/wild/pixabay_wild_000317.png,2
val,val/wild/pixabay_wild_000470.png,2
train,train/wild/flickr_wild_000500.png,2
train,train/wild/flickr_wild_001537.png,2
train,train/wild/flickr_wild_001519.png,2
train,train/cat/pixabay_cat_003985.png,0
val,val/cat/pixabay_cat_000441.png,0
train,train/cat/pixabay_cat_001436.png,0
train,train/wild/flickr_wild_001821.png,2
train,train/cat/pixabay_cat_002194.png,0
val,val/cat/pixabay_cat_004548.png,0
val,val/wild/flickr_wild_002578.png,2
val,val/wild/flickr_wild_001460.png,2
val,val/dog/pixabay_dog_002152.png,1
val,val/dog/pixabay_dog_003383.png,1
val,val/dog/pixabay_dog_003703.png,1
train,train/cat/pixabay_cat_000823.png,0
val,val/cat/pixabay_cat_000147.png,0
val,val/cat/flickr_cat_000265.png,0
train,train/dog/pixabay_dog_000716.png,1
train,train/dog/pixabay_dog_002384.png,1
train,train/dog/flickr_dog_000391.png,1
train,train/wild/flickr_wild_000674.png,2
train,train/dog/pixabay_dog_002133.png,1
train,train/cat/pixabay_cat_002104.png,0
val,val/cat/pixabay_cat_001269.png,0
val,val/wild/flickr_wild_001299.png,2
train,train/cat/pixabay_cat_004819.png,0
val,val/dog/pixabay_dog_003980.png,1
train,train/cat/pixabay_cat_000083.png,0
val,val/cat/pixabay_cat_000440.png,0
train,train/wild/flickr_wild_000117.png,2
val,val/dog/pixabay_dog_003230.png,1
val,val/dog/pixabay_dog_003105.png,1
train,train/wild/flickr_wild_002285.png,2
train,train/wild/flickr_wild_000950.png,2
val,val/cat/pixabay_cat_003556.png,0
val,val/wild/flickr_wild_003808.png,2
train,train/wild/flickr_wild_000026.png,2
val,val/wild/pixabay_wild_000428.png,2
train,train/wild/flickr_wild_001283.png,2
val,val/cat/flickr_cat_000441.png,0
val,val/cat/pixabay_cat_000623.png,0
val,val/cat/pixabay_cat_004461.png,0
val,val/dog/pixabay_dog_001609.png,1
train,train/dog/pixabay_dog_003446.png,1
val,val/cat/pixabay_cat_004422.png,0
train,train/dog/pixabay_dog_001271.png,1
val,val/dog/pixabay_dog_000724.png,1
train,train/dog/pixabay_dog_003214.png,1
train,train/dog/pixabay_dog_000643.png,1
train,train/wild/flickr_wild_003463.png,2
val,val/cat/pixabay_cat_003033.png,0
train,train/wild/pixabay_wild_000213.png,2
val,val/dog/pixabay_dog_002895.png,1
train,train/cat/pixabay_cat_003632.png,0
train,train/wild/flickr_wild_003691.png,2
train,train/dog/flickr_dog_001020.png,1
val,val/cat/pixabay_cat_001205.png,0
val,val/cat/pixabay_cat_001643.png,0
train,train/wild/flickr_wild_001305.png,2
val,val/wild/flickr_wild_001327.png,2
val,val/cat/pixabay_cat_001099.png,0
train,train/cat/flickr_cat_000790.png,0
train,train/wild/flickr_wild_002263.png,2
train,train/cat/pixabay_cat_003028.png,0
val,val/wild/flickr_wild_003718.png,2
val,val/wild/flickr_wild_001627.png,2
val,val/cat/pixabay_cat_003165.png,0
val,val/cat/pixabay_cat_001635.png,0
train,train/dog/pixabay_dog_002719.png,1
train,train/dog/pixabay_dog_003895.png,1
train,train/cat/pixabay_cat_004618.png,0
val,val/cat/pixabay_cat_002989.png,0
train,train/dog/flickr_dog_000912.png,1
val,val/cat/pixabay_cat_003512.png,0
val,val/wild/flickr_wild_003149.png,2
train,train/cat/pixabay_cat_003711.png,0
val,val/wild/flickr_wild_003246.png,2
train,train/dog/flickr_dog_000820.png,1
val,val/dog/flickr_dog_000972.png,1
train,train/wild/pixabay_wild_001211.png,2
train,train/wild/flickr_wild_003612.png,2
train,train/cat/pixabay_cat_004370.png,0
train,train/dog/flickr_dog_000436.png,1
val,val/cat/pixabay_cat_000390.png,0
val,val/cat/pixabay_cat_004231.png,0
val,val/dog/pixabay_dog_002196.png,1
val,val/dog/pixabay_dog_002238.png,1
train,train/wild/flickr_wild_002350.png,2
val,val/cat/pixabay_cat_004635.png,0
train,train/dog/pixabay_dog_001725.png,1
train,train/cat/pixabay_cat_004070.png,0
train,train/wild/pixabay_wild_000628.png,2
train,train/wild/flickr_wild_000424.png,2
val,val/dog/pixabay_dog_000640.png,1
train,train/cat/pixabay_cat_002058.png,0
train,train/wild/flickr_wild_001401.png,2
train,train/dog/pixabay_dog_001728.png,1
val,val/dog/flickr_dog_001007.png,1
train,train/dog/flickr_dog_000069.png,1
train,train/wild/pixabay_wild_000657.png,2
train,train/wild/pixabay_wild_000805.png,2
val,val/cat/pixabay_cat_004237.png,0
train,train/wild/flickr_wild_000344.png,2
train,train/cat/pixabay_cat_002493.png,0
val,val/dog/pixabay_dog_003149.png,1
val,val/dog/pixabay_dog_002566.png,1
val,val/cat/pixabay_cat_004189.png,0
train,train/wild/flickr_wild_003375.png,2
train,train/dog/pixabay_dog_000113.png,1
val,val/cat/flickr_cat_000610.png,0
val,val/dog/pixabay_dog_000646.png,1
train,train/wild/flickr_wild_000665.png,2
val,val/dog/pixabay_dog_002520.png,1
val,val/cat/pixabay_cat_002307.png,0
train,train/cat/pixabay_cat_003945.png,0
train,train/cat/flickr_cat_000054.png,0
train,train/dog/pixabay_dog_000090.png,1
val,val/dog/pixabay_dog_002176.png,1
val,val/dog/pixabay_dog_000956.png,1
train,train/dog/pixabay_dog_000389.png,1
train,train/wild/flickr_wild_000939.png,2
val,val/dog/pixabay_dog_003937.png,1
val,val/cat/pixabay_cat_000756.png,0
val,val/wild/flickr_wild_002637.png,2
val,val/dog/flickr_dog_000625.png,1
val,val/dog/pixabay_dog_000818.png,1
train,train/dog/flickr_dog_000783.png,1
val,val/cat/pixabay_cat_003524.png,0
train,train/cat/flickr_cat_000277.png,0
val,val/wild/flickr_wild_003817.png,2
train,train/cat/pixabay_cat_002535.png,0
train,train/wild/flickr_wild_000124.png,2
train,train/cat/pixabay_cat_002932.png,0
train,train/cat/pixabay_cat_001969.png,0
train,train/dog/pixabay_dog_003886.png,1
train,train/cat/flickr_cat_000393.png,0
train,train/wild/pixabay_wild_001120.png,2
val,val/wild/flickr_wild_001275.png,2
val,val/cat/pixabay_cat_000202.png,0
val,val/cat/pixabay_cat_003909.png,0
val,val/wild/pixabay_wild_000801.png,2
val,val/dog/pixabay_dog_001965.png,1
val,val/cat/pixabay_cat_003986.png,0
val,val/wild/flickr_wild_002971.png,2
val,val/wild/pixabay_wild_000555.png,2
train,train/dog/pixabay_dog_001975.png,1
train,train/wild/flickr_wild_000126.png,2
train,train/cat/flickr_cat_000432.png,0
train,train/wild/flickr_wild_001208.png,2
train,train/wild/flickr_wild_001171.png,2
train,train/wild/flickr_wild_001660.png,2
val,val/wild/flickr_wild_000211.png,2
val,val/wild/pixabay_wild_000298.png,2
val,val/dog/flickr_dog_000720.png,1
val,val/dog/pixabay_dog_001705.png,1
train,train/cat/flickr_cat_000062.png,0
train,train/cat/pixabay_cat_000428.png,0
train,train/cat/pixabay_cat_003223.png,0
train,train/dog/pixabay_dog_001210.png,1
train,train/cat/pixabay_cat_002266.png,0
val,val/dog/flickr_dog_001038.png,1
val,val/wild/flickr_wild_002545.png,2
train,train/wild/flickr_wild_000716.png,2
val,val/wild/pixabay_wild_000190.png,2
train,train/dog/pixabay_dog_002232.png,1
val,val/cat/pixabay_cat_002922.png,0
train,train/cat/pixabay_cat_001573.png,0
val,val/dog/pixabay_dog_000508.png,1
train,train/wild/flickr_wild_001463.png,2
train,train/wild/flickr_wild_000792.png,2
val,val/wild/flickr_wild_002182.png,2
val,val/wild/flickr_wild_000099.png,2
val,val/cat/flickr_cat_000709.png,0
train,train/cat/pixabay_cat_001975.png,0
val,val/dog/pixabay_dog_000166.png,1
train,train/cat/pixabay_cat_000522.png,0
train,train/dog/pixabay_dog_002370.png,1
val,val/wild/flickr_wild_002486.png,2
train,train/wild/flickr_wild_002405.png,2
train,train/cat/pixabay_cat_002617.png,0
val,val/dog/pixabay_dog_000737.png,1
train,train/dog/pixabay_dog_002415.png,1
val,val/wild/flickr_wild_003970.png,2
train,train/cat/pixabay_cat_002067.png,0
val,val/dog/pixabay_dog_001350.png,1
train,train/dog/pixabay_dog_001102.png,1
val,val/cat/pixabay_cat_004832.png,0
train,train/wild/pixabay_wild_000368.png,2
val,val/dog/pixabay_dog_003478.png,1
train,train/wild/pixabay_wild_000530.png,2
val,val/wild/flickr_wild_001641.png,2
train,train/cat/pixabay_cat_003083.png,0
val,val/cat/pixabay_cat_002552.png,0
val,val/dog/pixabay_dog_002956.png,1
train,train/cat/pixabay_cat_003174.png,0
val,val/dog/pixabay_dog_001059.png,1
val,val/dog/pixabay_dog_001506.png,1
train,train/cat/pixabay_cat_000774.png,0
val,val/cat/flickr_cat_000136.png,0
train,train/wild/flickr_wild_003037.png,2
train,train/dog/pixabay_dog_003447.png,1
train,train/dog/pixabay_dog_002630.png,1
train,train/cat/pixabay_cat_000694.png,0
val,val/wild/flickr_wild_002036.png,2
train,train/cat/pixabay_cat_002432.png,0
train,train/cat/pixabay_cat_001489.png,0
val,val/wild/pixabay_wild_000354.png,2
train,train/cat/pixabay_cat_003246.png,0
train,train/cat/pixabay_cat_002875.png,0
train,train/dog/pixabay_dog_002908.png,1
train,train/wild/flickr_wild_002957.png,2
val,val/wild/flickr_wild_000406.png,2
val,val/dog/flickr_dog_001072.png,1
val,val/wild/pixabay_wild_000559.png,2
val,val/wild/flickr_wild_002032.png,2
train,train/cat/pixabay_cat_002737.png,0
train,train/dog/pixabay_dog_001902.png,1
train,train/cat/flickr_cat_000213.png,0
val,val/cat/flickr_cat_000314.png,0
train,train/cat/pixabay_cat_000184.png,0
train,train/wild/pixabay_wild_001047.png,2
val,val/wild/flickr_wild_001043.png,2
train,train/cat/pixabay_cat_003821.png,0
val,val/dog/pixabay_dog_002586.png,1
val,val/wild/flickr_wild_003207.png,2
val,val/dog/flickr_dog_000224.png,1
val,val/cat/pixabay_cat_002256.png,0
val,val/wild/flickr_wild_000038.png,2
val,val/cat/pixabay_cat_000980.png,0
val,val/dog/flickr_dog_000567.png,1
train,train/wild/flickr_wild_001637.png,2
train,train/cat/pixabay_cat_001090.png,0
train,train/dog/pixabay_dog_000825.png,1
train,train/cat/pixabay_cat_003844.png,0
train,train/cat/flickr_cat_000622.png,0
val,val/wild/pixabay_wild_000972.png,2
val,val/dog/pixabay_dog_003539.png,1
train,train/wild/pixabay_wild_000301.png,2
train,train/cat/pixabay_cat_004249.png,0
train,train/cat/pixabay_cat_000028.png,0
train,train/cat/pixabay_cat_001746.png,0
train,train/cat/pixabay_cat_004432.png,0
train,train/cat/flickr_cat_000687.png,0
train,train/cat/pixabay_cat_004326.png,0
val,val/wild/flickr_wild_000128.png,2
val,val/cat/flickr_cat_000377.png,0
train,train/wild/flickr_wild_001976.png,2
val,val/dog/flickr_dog_000060.png,1
train,train/dog/pixabay_dog_001499.png,1
val,val/cat/flickr_cat_000056.png,0
val,val/wild/flickr_wild_002785.png,2
train,train/dog/pixabay_dog_001872.png,1
val,val/wild/pixabay_wild_000281.png,2
val,val/dog/pixabay_dog_003197.png,1
train,train/dog/pixabay_dog_003847.png,1
val,val/wild/flickr_wild_002217.png,2
train,train/wild/flickr_wild_003610.png,2
val,val/wild/flickr_wild_003669.png,2
train,train/wild/pixabay_wild_000506.png,2
train,train/cat/pixabay_cat_004626.png,0
train,train/cat/pixabay_cat_004830.png,0
train,train/dog/flickr_dog_001084.png,1
train,train/cat/pixabay_cat_003858.png,0
train,train/cat/pixabay_cat_001135.png,0
val,val/cat/pixabay_cat_002749.png,0
train,train/dog/pixabay_dog_003826.png,1
train,train/cat/pixabay_cat_001757.png,0
train,train/dog/pixabay_dog_000232.png,1
val,val/wild/flickr_wild_001297.png,2
val,val/wild/flickr_wild_001988.png,2
val,val/wild/pixabay_wild_000105.png,2
train,train/wild/flickr_wild_003044.png,2
train,train/wild/flickr_wild_003469.png,2
train,train/dog/pixabay_dog_000644.png,1
train,train/cat/pixabay_cat_004406.png,0
val,val/dog/pixabay_dog_000499.png,1
val,val/dog/pixabay_dog_003136.png,1
train,train/dog/pixabay_dog_001424.png,1
train,train/dog/flickr_dog_000103.png,1
val,val/dog/flickr_dog_000781.png,1
train,train/dog/pixabay_dog_000434.png,1
val,val/wild/flickr_wild_000690.png,2
train,train/dog/flickr_dog_000880.png,1
train,train/dog/pixabay_dog_000576.png,1
train,train/wild/pixabay_wild_001000.png,2
val,val/wild/flickr_wild_000441.png,2
train,train/cat/pixabay_cat_002114.png,0
train,train/dog/pixabay_dog_003363.png,1
val,val/cat/pixabay_cat_004415.png,0
train,train/dog/pixabay_dog_002448.png,1
val,val/wild/flickr_wild_002709.png,2
val,val/wild/flickr_wild_003408.png,2
train,train/wild/flickr_wild_001740.png,2
val,val/dog/pixabay_dog_002126.png,1
val,val/cat/flickr_cat_000635.png,0
train,train/dog/pixabay_dog_003060.png,1
val,val/cat/pixabay_cat_000169.png,0
val,val/cat/pixabay_cat_000165.png,0
train,train/wild/pixabay_wild_001243.png,2
val,val/wild/flickr_wild_003073.png,2
val,val/cat/pixabay_cat_002467.png,0
val,val/dog/flickr_dog_001085.png,1
train,train/dog/pixabay_dog_003110.png,1
val,val/cat/flickr_cat_000076.png,0
val,val/dog/pixabay_dog_000484.png,1
val,val/cat/pixabay_cat_001665.png,0
train,train/wild/flickr_wild_000165.png,2
val,val/wild/flickr_wild_000521.png,2
val,val/wild/flickr_wild_002325.png,2
val,val/dog/pixabay_dog_001901.png,1
train,train/wild/flickr_wild_000366.png,2
val,val/cat/flickr_cat_000747.png,0
train,train/wild/flickr_wild_001816.png,2
train,train/wild/flickr_wild_002357.png,2
val,val/wild/flickr_wild_002508.png,2
val,val/dog/pixabay_dog_002625.png,1
train,train/cat/pixabay_cat_001202.png,0
train,train/cat/flickr_cat_000809.png,0
train,train/cat/flickr_cat_000336.png,0
train,train/wild/pixabay_wild_000769.png,2
val,val/wild/flickr_wild_000712.png,2
val,val/cat/flickr_cat_000637.png,0
train,train/cat/pixabay_cat_002532.png,0
val,val/wild/flickr_wild_002043.png,2
train,train/wild/flickr_wild_001615.png,2
val,val/dog/flickr_dog_000814.png,1
train,train/cat/pixabay_cat_002671.png,0
train,train/dog/pixabay_dog_003863.png,1
val,val/cat/pixabay_cat_002184.png,0
val,val/dog/flickr_dog_000774.png,1
val,val/dog/pixabay_dog_001025.png,1
val,val/wild/flickr_wild_002145.png,2
val,val/dog/pixabay_dog_002957.png,1
train,train/wild/flickr_wild_001156.png,2
train,train/dog/pixabay_dog_002954.png,1
val,val/wild/flickr_wild_002871.png,2
train,train/wild/pixabay_wild_000210.png,2
train,train/wild/flickr_wild_002157.png,2
train,train/dog/pixabay_dog_002872.png,1
train,train/wild/flickr_wild_001388.png,2
val,val/cat/pixabay_cat_002696.png,0
val,val/dog/pixabay_dog_000357.png,1
val,val/cat/pixabay_cat_002212.png,0
train,train/cat/pixabay_cat_000254.png,0
train,train/cat/pixabay_cat_003776.png,0
train,train/cat/pixabay_cat_000496.png,0
train,train/wild/pixabay_wild_000609.png,2
val,val/cat/flickr_cat_000351.png,0
val,val/cat/pixabay_cat_000096.png,0
train,train/dog/pixabay_dog_002582.png,1
train,train/dog/pixabay_dog_001605.png,1
train,train/dog/pixabay_dog_001388.png,1
val,val/wild/pixabay_wild_000356.png,2
val,val/cat/pixabay_cat_000890.png,0
val,val/wild/flickr_wild_001211.png,2
train,train/dog/pixabay_dog_001762.png,1
train,train/dog/pixabay_dog_004048.png,1
val,val/cat/pixabay_cat_001699.png,0
train,train/wild/flickr_wild_000256.png,2
val,val/dog/pixabay_dog_002862.png,1
val,val/dog/flickr_dog_000565.png,1
train,train/cat/pixabay_cat_002152.png,0
val,val/dog/pixabay_dog_001244.png,1
train,train/dog/pixabay_dog_000289.png,1
train,train/wild/flickr_wild_000580.png,2
val,val/wild/flickr_wild_002445.png,2
train,train/dog/flickr_dog_000232.png,1
val,val/wild/flickr_wild_001619.png,2
train,train/dog/pixabay_dog_002521.png,1
train,train/wild/flickr_wild_002655.png,2
val,val/wild/pixabay_wild_000684.png,2
train,train/dog/flickr_dog_000648.png,1
val,val/cat/flickr_cat_000514.png,0
train,train/wild/pixabay_wild_001025.png,2
val,val/cat/flickr_cat_000236.png,0
train,train/dog/pixabay_dog_003795.png,1
val,val/cat/pixabay_cat_002724.png,0
train,train/dog/pixabay_dog_000282.png,1
train,train/cat/pixabay_cat_000611.png,0
train,train/dog/flickr_dog_000609.png,1
train,train/cat/pixabay_cat_003705.png,0
train,train/dog/pixabay_dog_000696.png,1
val,val/dog/flickr_dog_000580.png,1
val,val/wild/flickr_wild_000898.png,2
val,val/dog/pixabay_dog_000452.png,1
train,train/dog/flickr_dog_000583.png,1
val,val/cat/pixabay_cat_002126.png,0
train,train/wild/flickr_wild_001461.png,2
train,train/dog/pixabay_dog_000728.png,1
val,val/wild/flickr_wild_000568.png,2
train,train/cat/pixabay_cat_000320.png,0
val,val/cat/pixabay_cat_000299.png,0
val,val/dog/pixabay_dog_003448.png,1
val,val/cat/pixabay_cat_001367.png,0
train,train/cat/flickr_cat_000370.png,0
val,val/wild/flickr_wild_000603.png,2
val,val/cat/pixabay_cat_004826.png,0
train,train/wild/flickr_wild_000398.png,2
train,train/cat/pixabay_cat_000880.png,0
train,train/dog/pixabay_dog_002496.png,1
train,train/dog/flickr_dog_000453.png,1
val,val/wild/flickr_wild_000527.png,2
train,train/wild/flickr_wild_001122.png,2
train,train/cat/pixabay_cat_004834.png,0
train,train/cat/pixabay_cat_004096.png,0
val,val/dog/pixabay_dog_000611.png,1
train,train/dog/pixabay_dog_001259.png,1
val,val/dog/pixabay_dog_000564.png,1
val,val/dog/pixabay_dog_003421.png,1
val,val/dog/pixabay_dog_003190.png,1
train,train/dog/pixabay_dog_003985.png,1
train,train/wild/flickr_wild_003016.png,2
val,val/wild/flickr_wild_000206.png,2
val,val/wild/pixabay_wild_000418.png,2
val,val/wild/flickr_wild_001113.png,2
val,val/cat/pixabay_cat_000867.png,0
train,train/wild/flickr_wild_000254.png,2
train,train/wild/flickr_wild_000767.png,2
val,val/wild/flickr_wild_000354.png,2
train,train/cat/pixabay_cat_001302.png,0
train,train/cat/pixabay_cat_000978.png,0
train,train/dog/flickr_dog_000432.png,1
val,val/wild/flickr_wild_003943.png,2
train,train/wild/flickr_wild_000437.png,2
val,val/dog/pixabay_dog_001236.png,1
train,train/dog/pixabay_dog_002725.png,1
val,val/wild/flickr_wild_000360.png,2
train,train/cat/flickr_cat_000373.png,0
val,val/wild/flickr_wild_001890.png,2
train,train/dog/flickr_dog_000315.png,1
val,val/dog/flickr_dog_000467.png,1
train,train/cat/pixabay_cat_002664.png,0
val,val/dog/flickr_dog_000141.png,1
train,train/cat/pixabay_cat_004706.png,0
train,train/dog/pixabay_dog_001958.png,1
val,val/wild/flickr_wild_003643.png,2
train,train/wild/flickr_wild_002245.png,2
train,train/cat/pixabay_cat_003628.png,0
val,val/dog/pixabay_dog_000715.png,1
train,train/dog/pixabay_dog_003503.png,1
train,train/wild/flickr_wild_000971.png,2
val,val/cat/flickr_cat_000759.png,0
train,train/dog/flickr_dog_001053.png,1
train,train/cat/pixabay_cat_004621.png,0
train,train/dog/pixabay_dog_003317.png,1
train,train/cat/pixabay_cat_001253.png,0
val,val/wild/flickr_wild_003854.png,2
train,train/cat/pixabay_cat_004392.png,0
train,train/cat/pixabay_cat_000996.png,0
val,val/wild/flickr_wild_000711.png,2
train,train/cat/pixabay_cat_002602.png,0
val,val/cat/pixabay_cat_000651.png,0
train,train/wild/flickr_wild_000643.png,2
val,val/cat/pixabay_cat_002452.png,0
val,val/wild/flickr_wild_002461.png,2
val,val/dog/pixabay_dog_003658.png,1
val,val/dog/pixabay_dog_000672.png,1
val,val/cat/pixabay_cat_000343.png,0
train,train/wild/flickr_wild_000311.png,2
train,train/wild/flickr_wild_001292.png,2
train,train/cat/pixabay_cat_001444.png,0
val,val/dog/pixabay_dog_004058.png,1
train,train/wild/flickr_wild_001553.png,2
val,val/cat/pixabay_cat_001938.png,0
val,val/wild/flickr_wild_002914.png,2
train,train/cat/flickr_cat_000319.png,0
train,train/cat/pixabay_cat_000097.png,0
train,train/wild/flickr_wild_002880.png,2
val,val/dog/pixabay_dog_002402.png,1
val,val/dog/pixabay_dog_002492.png,1
val,val/dog/pixabay_dog_002782.png,1
train,train/dog/pixabay_dog_000464.png,1
train,train/wild/flickr_wild_001226.png,2
val,val/dog/pixabay_dog_001928.png,1
train,train/wild/flickr_wild_001154.png,2
val,val/dog/flickr_dog_000212.png,1
train,train/cat/pixabay_cat_001540.png,0
train,train/dog/flickr_dog_001005.png,1
val,val/wild/flickr_wild_001325.png,2
val,val/dog/pixabay_dog_001082.png,1
val,val/dog/pixabay_dog_001192.png,1
val,val/wild/flickr_wild_001237.png,2
train,train/dog/pixabay_dog_001285.png,1
train,train/dog/pixabay_dog_001746.png,1
val,val/dog/pixabay_dog_003942.png,1
train,train/dog/flickr_dog_000473.png,1
val,val/dog/pixabay_dog_003406.png,1
val,val/cat/pixabay_cat_003595.png,0
val,val/wild/flickr_wild_003779.png,2
val,val/dog/pixabay_dog_003856.png,1
train,train/cat/pixabay_cat_003928.png,0
val,val/dog/pixabay_dog_003376.png,1
val,val/cat/pixabay_cat_003931.png,0
train,train/cat/pixabay_cat_004455.png,0
train,train/dog/flickr_dog_000989.png,1
val,val/cat/pixabay_cat_002075.png,0
val,val/wild/flickr_wild_003842.png,2
train,train/cat/pixabay_cat_004390.png,0
train,train/cat/pixabay_cat_001895.png,0
train,train/wild/pixabay_wild_000869.png,2
train,train/cat/pixabay_cat_001483.png,0
train,train/cat/pixabay_cat_003091.png,0
train,train/wild/flickr_wild_000708.png,2
train,train/wild/flickr_wild_003018.png,2
val,val/dog/flickr_dog_000246.png,1
train,train/dog/pixabay_dog_001524.png,1
val,val/cat/pixabay_cat_000291.png,0
val,val/cat/pixabay_cat_003753.png,0
val,val/wild/flickr_wild_002942.png,2
train,train/cat/pixabay_cat_004046.png,0
val,val/dog/pixabay_dog_001031.png,1
val,val/cat/pixabay_cat_001029.png,0
val,val/dog/pixabay_dog_002544.png,1
train,train/wild/pixabay_wild_000922.png,2
val,val/wild/flickr_wild_003831.png,2
train,train/cat/flickr_cat_000140.png,0
val,val/wild/flickr_wild_003399.png,2
train,train/cat/pixabay_cat_002615.png,0
train,train/wild/flickr_wild_001858.png,2
train,train/dog/flickr_dog_000166.png,1
val,val/dog/pixabay_dog_000971.png,1
train,train/dog/pixabay_dog_003769.png,1
train,train/cat/flickr_cat_000109.png,0
val,val/dog/pixabay_dog_003766.png,1
val,val/wild/flickr_wild_001927.png,2
train,train/dog/flickr_dog_000137.png,1
train,train/wild/pixabay_wild_000145.png,2
train,train/cat/pixabay_cat_001925.png,0
val,val/wild/flickr_wild_002565.png,2
val,val/wild/flickr_wild_003357.png,2
train,train/cat/pixabay_cat_002045.png,0
val,val/dog/pixabay_dog_001561.png,1
val,val/cat/pixabay_cat_002860.png,0
val,val/dog/pixabay_dog_002307.png,1
train,train/dog/pixabay_dog_003880.png,1
val,val/cat/pixabay_cat_003562.png,0
val,val/wild/flickr_wild_000144.png,2
val,val/wild/pixabay_wild_000594.png,2
val,val/dog/pixabay_dog_003776.png,1
val,val/wild/flickr_wild_002896.png,2
val,val/cat/pixabay_cat_001996.png,0
val,val/wild/flickr_wild_001737.png,2
val,val/wild/pixabay_wild_000558.png,2
val,val/dog/pixabay_dog_002453.png,1
val,val/wild/flickr_wild_002159.png,2
train,train/dog/pixabay_dog_000573.png,1
train,train/wild/flickr_wild_002502.png,2
val,val/cat/pixabay_cat_001385.png,0
train,train/dog/pixabay_dog_003218.png,1
val,val/wild/flickr_wild_002714.png,2
val,val/cat/pixabay_cat_002873.png,0
train,train/cat/flickr_cat_000262.png,0
val,val/cat/pixabay_cat_003613.png,0
val,val/wild/flickr_wild_000557.png,2
val,val/dog/pixabay_dog_004016.png,1
train,train/wild/flickr_wild_001663.png,2
train,train/dog/pixabay_dog_001447.png,1
train,train/wild/flickr_wild_002915.png,2
train,train/cat/pixabay_cat_000132.png,0
val,val/cat/pixabay_cat_003464.png,0
train,train/wild/flickr_wild_003921.png,2
val,val/wild/flickr_wild_002558.png,2
train,train/cat/pixabay_cat_000336.png,0
train,train/cat/pixabay_cat_003550.png,0
train,train/dog/pixabay_dog_001823.png,1
train,train/wild/flickr_wild_001549.png,2
val,val/cat/pixabay_cat_004584.png,0
train,train/dog/flickr_dog_001065.png,1
val,val/cat/pixabay_cat_002662.png,0
train,train/wild/flickr_wild_000091.png,2
val,val/wild/flickr_wild_002571.png,2
train,train/wild/flickr_wild_003440.png,2
train,train/wild/flickr_wild_002705.png,2
val,val/wild/flickr_wild_000061.png,2
val,val/wild/pixabay_wild_000838.png,2
train,train/wild/flickr_wild_000431.png,2
val,val/cat/pixabay_cat_003742.png,0
train,train/cat/pixabay_cat_000420.png,0
val,val/wild/pixabay_wild_000639.png,2
train,train/dog/pixabay_dog_003143.png,1
train,train/cat/pixabay_cat_003360.png,0
val,val/wild/flickr_wild_001053.png,2
train,train/cat/pixabay_cat_001833.png,0
train,train/dog/pixabay_dog_001934.png,1
val,val/cat/pixabay_cat_003896.png,0
train,train/wild/flickr_wild_002787.png,2
val,val/wild/flickr_wild_003355.png,2
val,val/cat/flickr_cat_000180.png,0
train,train/wild/pixabay_wild_000053.png,2
train,train/cat/pixabay_cat_000617.png,0
train,train/wild/flickr_wild_001315.png,2
train,train/dog/pixabay_dog_003486.png,1
val,val/dog/pixabay_dog_001358.png,1
val,val/cat/pixabay_cat_000037.png,0
train,train/cat/pixabay_cat_003608.png,0
val,val/dog/pixabay_dog_003521.png,1
train,train/cat/flickr_cat_000466.png,0
val,val/dog/pixabay_dog_003891.png,1
val,val/cat/pixabay_cat_003440.png,0
val,val/cat/pixabay_cat_001985.png,0
train,train/wild/flickr_wild_000029.png,2
train,train/dog/pixabay_dog_001510.png,1
train,train/wild/pixabay_wild_000515.png,2
train,train/cat/pixabay_cat_003847.png,0
val,val/dog/pixabay_dog_002119.png,1
val,val/wild/pixabay_wild_001134.png,2
val,val/cat/pixabay_cat_004808.png,0
train,train/cat/pixabay_cat_002242.png,0
train,train/dog/pixabay_dog_004051.png,1
val,val/dog/pixabay_dog_000009.png,1
train,train/wild/pixabay_wild_000712.png,2
train,train/wild/flickr_wild_003737.png,2
train,train/dog/pixabay_dog_001155.png,1
val,val/dog/pixabay_dog_003528.png,1
train,train/wild/flickr_wild_002222.png,2
train,train/wild/flickr_wild_002815.png,2
val,val/wild/flickr_wild_003603.png,2
train,train/dog/pixabay_dog_003049.png,1
val,val/wild/flickr_wild_003148.png,2
val,val/cat/pixabay_cat_002205.png,0
train,train/cat/flickr_cat_000771.png,0
val,val/cat/flickr_cat_000123.png,0
train,train/wild/flickr_wild_002186.png,2
train,train/cat/pixabay_cat_004404.png,0
train,train/dog/pixabay_dog_003868.png,1
val,val/cat/pixabay_cat_000491.png,0
train,train/wild/flickr_wild_000559.png,2
val,val/cat/pixabay_cat_000861.png,0
train,train/cat/pixabay_cat_001157.png,0
train,train/wild/flickr_wild_000440.png,2
train,train/cat/pixabay_cat_001750.png,0
val,val/wild/pixabay_wild_000267.png,2
train,train/cat/pixabay_cat_003588.png,0
val,val/cat/flickr_cat_000746.png,0
val,val/cat/pixabay_cat_000844.png,0
train,train/dog/pixabay_dog_001182.png,1
val,val/dog/pixabay_dog_001497.png,1
val,val/dog/pixabay_dog_002548.png,1
val,val/dog/pixabay_dog_000617.png,1
val,val/dog/pixabay_dog_002699.png,1
train,train/wild/flickr_wild_002083.png,2
train,train/wild/pixabay_wild_000850.png,2
train,train/dog/pixabay_dog_003732.png,1
train,train/wild/flickr_wild_002079.png,2
train,train/cat/pixabay_cat_000329.png,0
val,val/dog/pixabay_dog_000298.png,1
train,train/dog/pixabay_dog_003083.png,1
val,val/dog/pixabay_dog_001806.png,1
train,train/dog/flickr_dog_000693.png,1
train,train/cat/pixabay_cat_004398.png,0
val,val/wild/flickr_wild_001953.png,2
train,train/dog/pixabay_dog_002485.png,1
train,train/cat/pixabay_cat_003085.png,0
val,val/wild/flickr_wild_002924.png,2
val,val/dog/pixabay_dog_001383.png,1
train,train/cat/pixabay_cat_000606.png,0
val,val/wild/pixabay_wild_001112.png,2
train,train/dog/flickr_dog_000030.png,1
val,val/cat/pixabay_cat_000615.png,0
train,train/dog/flickr_dog_000833.png,1
val,val/cat/pixabay_cat_000847.png,0
train,train/cat/pixabay_cat_000102.png,0
val,val/cat/flickr_cat_000570.png,0
train,train/cat/pixabay_cat_000841.png,0
train,train/dog/pixabay_dog_000010.png,1
val,val/wild/flickr_wild_003587.png,2
val,val/dog/pixabay_dog_003775.png,1
train,train/cat/pixabay_cat_002332.png,0
train,train/wild/pixabay_wild_000982.png,2
val,val/dog/flickr_dog_000812.png,1
val,val/cat/pixabay_cat_003820.png,0
val,val/dog/pixabay_dog_002245.png,1
val,val/cat/flickr_cat_000688.png,0
val,val/cat/pixabay_cat_000540.png,0
train,train/wild/flickr_wild_003221.png,2
val,val/wild/flickr_wild_002081.png,2
train,train/wild/flickr_wild_001213.png,2
val,val/dog/pixabay_dog_000490.png,1
train,train/cat/pixabay_cat_000885.png,0
val,val/dog/pixabay_dog_002897.png,1
train,train/wild/flickr_wild_003068.png,2
train,train/wild/flickr_wild_000300.png,2
val,val/wild/flickr_wild_002867.png,2
val,val/dog/pixabay_dog_003379.png,1
val,val/wild/pixabay_wild_000650.png,2
train,train/cat/pixabay_cat_001149.png,0
val,val/dog/flickr_dog_000160.png,1
val,val/wild/flickr_wild_001312.png,2
val,val/cat/pixabay_cat_004596.png,0
train,train/wild/pixabay_wild_000232.png,2
val,val/dog/pixabay_dog_000061.png,1
val,val/dog/pixabay_dog_000241.png,1
val,val/dog/flickr_dog_000545.png,1
train,train/wild/flickr_wild_003870.png,2
train,train/cat/pixabay_cat_002258.png,0
val,val/dog/flickr_dog_000835.png,1
val,val/dog/pixabay_dog_003720.png,1
train,train/dog/pixabay_dog_000562.png,1
val,val/wild/flickr_wild_003392.png,2
train,train/wild/flickr_wild_001459.png,2
train,train/cat/pixabay_cat_004563.png,0
val,val/wild/flickr_wild_001711.png,2
val,val/cat/pixabay_cat_000459.png,0
train,train/wild/pixabay_wild_001092.png,2
train,train/dog/pixabay_dog_003900.png,1
val,val/wild/flickr_wild_002542.png,2
val,val/cat/flickr_cat_000536.png,0
val,val/wild/flickr_wild_003656.png,2
val,val/cat/pixabay_cat_004793.png,0
val,val/wild/flickr_wild_002686.png,2
val,val/wild/pixabay_wild_000866.png,2
val,val/cat/pixabay_cat_002316.png,0
val,val/dog/pixabay_dog_003914.png,1
train,train/dog/pixabay_dog_000054.png,1
train,train/dog/pixabay_dog_002904.png,1
val,val/cat/pixabay_cat_002986.png,0
train,train/dog/pixabay_dog_000588.png,1
val,val/wild/flickr_wild_001815.png,2
train,train/dog/pixabay_dog_000575.png,1
train,train/dog/flickr_dog_000911.png,1
val,val/dog/pixabay_dog_000201.png,1
val,val/dog/pixabay_dog_003535.png,1
train,train/wild/pixabay_wild_000369.png,2
val,val/dog/pixabay_dog_001296.png,1
val,val/dog/pixabay_dog_000409.png,1
train,train/wild/pixabay_wild_000916.png,2
val,val/wild/flickr_wild_000267.png,2
train,train/wild/pixabay_wild_000362.png,2
val,val/dog/pixabay_dog_001647.png,1
train,train/dog/pixabay_dog_001719.png,1
train,train/dog/pixabay_dog_001269.png,1
val,val/dog/flickr_dog_001173.png,1
val,val/cat/flickr_cat_000599.png,0
val,val/wild/flickr_wild_003234.png,2
train,train/wild/flickr_wild_003272.png,2
val,val/dog/flickr_dog_000252.png,1
train,train/wild/flickr_wild_000031.png,2
train,train/wild/flickr_wild_003027.png,2
train,train/dog/pixabay_dog_000445.png,1
train,train/cat/pixabay_cat_003948.png,0
val,val/wild/flickr_wild_002926.png,2
val,val/dog/pixabay_dog_000845.png,1
train,train/dog/pixabay_dog_003070.png,1
val,val/wild/flickr_wild_003761.png,2
train,train/wild/flickr_wild_002361.png,2
train,train/wild/flickr_wild_000854.png,2
train,train/dog/pixabay_dog_000059.png,1
train,train/cat/pixabay_cat_001575.png,0
train,train/cat/pixabay_cat_003236.png,0
train,train/dog/pixabay_dog_002403.png,1
val,val/cat/pixabay_cat_003046.png,0
train,train/dog/pixabay_dog_003462.png,1
train,train/wild/flickr_wild_003987.png,2
val,val/wild/flickr_wild_003823.png,2
val,val/cat/pixabay_cat_002269.png,0
val,val/dog/pixabay_dog_000691.png,1
val,val/wild/flickr_wild_000504.png,2
train,train/dog/flickr_dog_000486.png,1
train,train/wild/flickr_wild_003198.png,2
train,train/dog/pixabay_dog_001544.png,1
val,val/cat/pixabay_cat_004178.png,0
val,val/cat/pixabay_cat_000842.png,0
train,train/wild/flickr_wild_000116.png,2
val,val/cat/pixabay_cat_001729.png,0
val,val/wild/flickr_wild_000382.png,2
val,val/dog/pixabay_dog_002151.png,1
val,val/dog/pixabay_dog_003747.png,1
train,train/dog/pixabay_dog_002571.png,1
train,train/dog/pixabay_dog_002815.png,1
train,train/dog/pixabay_dog_003120.png,1
val,val/cat/pixabay_cat_002661.png,0
val,val/cat/flickr_cat_000614.png,0
train,train/cat/pixabay_cat_001487.png,0
train,train/wild/flickr_wild_000096.png,2
val,val/dog/flickr_dog_000104.png,1
train,train/cat/pixabay_cat_003951.png,0
train,train/wild/flickr_wild_003353.png,2
val,val/wild/flickr_wild_001383.png,2
train,train/dog/pixabay_dog_000710.png,1
val,val/dog/pixabay_dog_000442.png,1
train,train/wild/flickr_wild_000288.png,2
val,val/wild/pixabay_wild_000381.png,2
train,train/wild/pixabay_wild_000706.png,2
val,val/dog/pixabay_dog_000045.png,1
val,val/dog/pixabay_dog_003945.png,1
val,val/dog/pixabay_dog_003293.png,1
train,train/wild/flickr_wild_003162.png,2
train,train/wild/flickr_wild_002358.png,2
train,train/wild/flickr_wild_003252.png,2
val,val/cat/pixabay_cat_001081.png,0
train,train/dog/pixabay_dog_001460.png,1
train,train/wild/pixabay_wild_000152.png,2
val,val/dog/pixabay_dog_000471.png,1
train,train/wild/flickr_wild_001225.png,2
val,val/wild/flickr_wild_001230.png,2
train,train/dog/pixabay_dog_003854.png,1
train,train/wild/flickr_wild_003274.png,2
val,val/cat/pixabay_cat_002990.png,0
train,train/wild/flickr_wild_001959.png,2
val,val/cat/pixabay_cat_002823.png,0
train,train/cat/pixabay_cat_003653.png,0
val,val/cat/pixabay_cat_004029.png,0
train,train/cat/pixabay_cat_002084.png,0
train,train/dog/flickr_dog_000778.png,1
val,val/cat/flickr_cat_000175.png,0
val,val/cat/pixabay_cat_000514.png,0
val,val/wild/pixabay_wild_001058.png,2
val,val/wild/flickr_wild_000375.png,2
val,val/cat/pixabay_cat_004011.png,0
val,val/cat/pixabay_cat_002338.png,0
train,train/cat/pixabay_cat_000429.png,0
val,val/cat/pixabay_cat_001195.png,0
train,train/wild/pixabay_wild_000918.png,2
train,train/cat/pixabay_cat_004692.png,0
val,val/wild/flickr_wild_000012.png,2
val,val/dog/pixabay_dog_003223.png,1
val,val/cat/pixabay_cat_001992.png,0
train,train/dog/pixabay_dog_002050.png,1
val,val/wild/flickr_wild_000560.png,2
val,val/dog/pixabay_dog_000330.png,1
val,val/wild/flickr_wild_001941.png,2
val,val/wild/pixabay_wild_000598.png,2
train,train/wild/flickr_wild_000084.png,2
val,val/cat/pixabay_cat_001562.png,0
train,train/wild/pixabay_wild_000950.png,2
train,train/dog/flickr_dog_000132.png,1
val,val/wild/flickr_wild_000187.png,2
val,val/wild/pixabay_wild_000047.png,2
val,val/cat/pixabay_cat_000735.png,0
val,val/dog/pixabay_dog_002556.png,1
train,train/cat/pixabay_cat_004143.png,0
val,val/cat/pixabay_cat_004358.png,0
train,train/wild/flickr_wild_001773.png,2
val,val/dog/pixabay_dog_000140.png,1
train,train/dog/pixabay_dog_001218.png,1
train,train/cat/pixabay_cat_000815.png,0
val,val/dog/pixabay_dog_002526.png,1
train,train/wild/flickr_wild_001565.png,2
val,val/dog/flickr_dog_001052.png,1
train,train/wild/flickr_wild_003756.png,2
train,train/cat/pixabay_cat_000529.png,0
train,train/cat/pixabay_cat_003364.png,0
val,val/cat/pixabay_cat_000314.png,0
train,train/dog/pixabay_dog_002672.png,1
train,train/cat/flickr_cat_000678.png,0
train,train/dog/pixabay_dog_001592.png,1
train,train/dog/pixabay_dog_001804.png,1
val,val/dog/pixabay_dog_000799.png,1
val,val/cat/pixabay_cat_000573.png,0
val,val/cat/pixabay_cat_004044.png,0
val,val/cat/pixabay_cat_004167.png,0
train,train/wild/flickr_wild_000885.png,2
train,train/cat/pixabay_cat_002765.png,0
train,train/dog/pixabay_dog_002082.png,1
train,train/wild/flickr_wild_000394.png,2
train,train/dog/pixabay_dog_001639.png,1
val,val/dog/flickr_dog_000673.png,1
val,val/dog/pixabay_dog_003767.png,1
train,train/cat/pixabay_cat_001015.png,0
val,val/wild/flickr_wild_002553.png,2
train,train/wild/flickr_wild_002026.png,2
val,val/wild/flickr_wild_003331.png,2
train,train/wild/flickr_wild_002974.png,2
train,train/dog/pixabay_dog_003585.png,1
train,train/dog/flickr_dog_000551.png,1
val,val/cat/pixabay_cat_004636.png,0
val,val/dog/pixabay_dog_000482.png,1
train,train/cat/flickr_cat_000663.png,0
train,train/cat/pixabay_cat_004608.png,0
val,val/wild/flickr_wild_001088.png,2
train,train/cat/pixabay_cat_004018.png,0
train,train/cat/pixabay_cat_004600.png,0
train,train/wild/flickr_wild_002601.png,2
val,val/cat/pixabay_cat_000276.png,0
train,train/wild/flickr_wild_003479.png,2
val,val/dog/pixabay_dog_001014.png,1
train,train/dog/pixabay_dog_002139.png,1
train,train/dog/pixabay_dog_000697.png,1
train,train/wild/pixabay_wild_000848.png,2
val,val/dog/pixabay_dog_001530.png,1
val,val/dog/pixabay_dog_003751.png,1
val,val/cat/flickr_cat_000676.png,0
val,val/cat/flickr_cat_000152.png,0
val,val/dog/pixabay_dog_002234.png,1
val,val/dog/pixabay_dog_001038.png,1
val,val/cat/pixabay_cat_003712.png,0
train,train/cat/pixabay_cat_000230.png,0
train,train/dog/pixabay_dog_000606.png,1
val,val/wild/pixabay_wild_000449.png,2
val,val/cat/pixabay_cat_003187.png,0
val,val/cat/pixabay_cat_000700.png,0
train,train/wild/flickr_wild_001564.png,2
train,train/wild/pixabay_wild_000476.png,2
train,train/dog/pixabay_dog_002915.png,1
val,val/cat/pixabay_cat_000518.png,0
val,val/wild/flickr_wild_002190.png,2
val,val/wild/flickr_wild_001625.png,2
train,train/cat/pixabay_cat_001021.png,0
train,train/dog/flickr_dog_000177.png,1
train,train/cat/pixabay_cat_003044.png,0
train,train/dog/pixabay_dog_001336.png,1
val,val/wild/flickr_wild_000147.png,2
train,train/wild/pixabay_wild_001017.png,2
train,train/dog/pixabay_dog_002527.png,1
train,train/cat/pixabay_cat_001140.png,0
val,val/cat/pixabay_cat_000492.png,0
val,val/wild/flickr_wild_000397.png,2
train,train/dog/pixabay_dog_000609.png,1
val,val/wild/flickr_wild_003786.png,2
train,train/wild/flickr_wild_003930.png,2
train,train/wild/flickr_wild_000183.png,2
train,train/dog/pixabay_dog_000426.png,1
val,val/wild/flickr_wild_003773.png,2
train,train/wild/flickr_wild_002220.png,2
train,train/cat/pixabay_cat_004767.png,0
train,train/cat/pixabay_cat_001630.png,0
train,train/wild/flickr_wild_003187.png,2
val,val/cat/pixabay_cat_001272.png,0
train,train/cat/pixabay_cat_002112.png,0
train,train/wild/flickr_wild_001535.png,2
train,train/wild/flickr_wild_000098.png,2
val,val/cat/pixabay_cat_003483.png,0
train,train/dog/pixabay_dog_001187.png,1
train,train/wild/flickr_wild_000602.png,2
val,val/wild/pixabay_wild_000994.png,2
val,val/wild/flickr_wild_001137.png,2
val,val/cat/pixabay_cat_002871.png,0
val,val/cat/pixabay_cat_002472.png,0
train,train/wild/flickr_wild_003495.png,2
val,val/cat/pixabay_cat_000592.png,0
val,val/dog/flickr_dog_000806.png,1
val,val/dog/pixabay_dog_001523.png,1
train,train/dog/pixabay_dog_000497.png,1
val,val/dog/pixabay_dog_003345.png,1
train,train/dog/pixabay_dog_002738.png,1
val,val/wild/flickr_wild_003519.png,2
train,train/dog/pixabay_dog_000196.png,1
val,val/cat/flickr_cat_000575.png,0
train,train/cat/pixabay_cat_004541.png,0
val,val/cat/flickr_cat_000535.png,0
train,train/wild/flickr_wild_000309.png,2
val,val/cat/pixabay_cat_000637.png,0
val,val/cat/pixabay_cat_001144.png,0
val,val/cat/pixabay_cat_004482.png,0
val,val/dog/flickr_dog_000836.png,1
val,val/dog/pixabay_dog_000039.png,1
train,train/wild/flickr_wild_000842.png,2
train,train/dog/flickr_dog_000312.png,1
val,val/wild/flickr_wild_000149.png,2
train,train/cat/pixabay_cat_001476.png,0
val,val/dog/pixabay_dog_002877.png,1
val,val/cat/pixabay_cat_000989.png,0
train,train/wild/flickr_wild_002464.png,2
train,train/cat/pixabay_cat_002962.png,0
val,val/wild/flickr_wild_000306.png,2
val,val/dog/pixabay_dog_003709.png,1
val,val/wild/flickr_wild_001177.png,2
train,train/wild/flickr_wild_000204.png,2
val,val/dog/pixabay_dog_001085.png,1
train,train/wild/pixabay_wild_000339.png,2
train,train/cat/flickr_cat_000119.png,0
train,train/cat/pixabay_cat_004186.png,0
train,train/dog/pixabay_dog_001920.png,1
val,val/wild/flickr_wild_002058.png,2
val,val/dog/pixabay_dog_002839.png,1
train,train/dog/pixabay_dog_001670.png,1
train,train/cat/pixabay_cat_001629.png,0
val,val/wild/flickr_wild_001583.png,2
val,val/wild/flickr_wild_001995.png,2
train,train/dog/pixabay_dog_001265.png,1
train,train/dog/flickr_dog_000726.png,1
val,val/wild/flickr_wild_002726.png,2
val,val/cat/pixabay_cat_004782.png,0
val,val/cat/pixabay_cat_000007.png,0
val,val/cat/flickr_cat_000814.png,0
train,train/wild/flickr_wild_003450.png,2
val,val/cat/pixabay_cat_004311.png,0
val,val/dog/pixabay_dog_002743.png,1
val,val/wild/flickr_wild_001732.png,2
val,val/dog/pixabay_dog_002423.png,1
val,val/wild/flickr_wild_001839.png,2
train,train/dog/pixabay_dog_000668.png,1
train,train/wild/flickr_wild_001613.png,2
train,train/wild/pixabay_wild_000223.png,2
val,val/cat/pixabay_cat_001040.png,0
train,train/wild/flickr_wild_001500.png,2
train,train/dog/pixabay_dog_002913.png,1
val,val/dog/pixabay_dog_003307.png,1
train,train/dog/pixabay_dog_001507.png,1
val,val/wild/pixabay_wild_001184.png,2
train,train/wild/flickr_wild_003772.png,2
train,train/cat/pixabay_cat_002207.png,0
val,val/dog/pixabay_dog_001700.png,1
val,val/dog/pixabay_dog_002785.png,1
val,val/dog/flickr_dog_001094.png,1
val,val/cat/pixabay_cat_003150.png,0
val,val/dog/pixabay_dog_001689.png,1
train,train/wild/flickr_wild_002137.png,2
val,val/dog/pixabay_dog_001374.png,1
train,train/wild/flickr_wild_001936.png,2
train,train/dog/pixabay_dog_002112.png,1
train,train/wild/flickr_wild_000453.png,2
train,train/dog/pixabay_dog_002901.png,1
train,train/dog/pixabay_dog_000722.png,1
val,val/dog/pixabay_dog_000327.png,1
train,train/dog/pixabay_dog_000749.png,1
val,val/cat/pixabay_cat_004601.png,0
train,train/cat/pixabay_cat_000397.png,0
val,val/dog/pixabay_dog_004005.png,1
val,val/wild/flickr_wild_000524.png,2
val,val/dog/pixabay_dog_000321.png,1
val,val/wild/flickr_wild_000004.png,2
val,val/cat/pixabay_cat_004297.png,0
train,train/cat/pixabay_cat_000757.png,0
val,val/dog/pixabay_dog_002066.png,1
val,val/cat/pixabay_cat_001536.png,0
train,train/dog/flickr_dog_000118.png,1
val,val/wild/flickr_wild_000932.png,2
val,val/cat/flickr_cat_000751.png,0
val,val/dog/pixabay_dog_000017.png,1
val,val/dog/pixabay_dog_003092.png,1
val,val/cat/pixabay_cat_003038.png,0
val,val/wild/flickr_wild_001402.png,2
train,train/dog/pixabay_dog_000619.png,1
train,train/cat/pixabay_cat_001881.png,0
val,val/dog/flickr_dog_000785.png,1
train,train/wild/pixabay_wild_000981.png,2
val,val/cat/flickr_cat_000714.png,0
val,val/wild/flickr_wild_002239.png,2
train,train/cat/flickr_cat_000595.png,0
val,val/cat/pixabay_cat_003357.png,0
train,train/wild/flickr_wild_003570.png,2
val,val/wild/flickr_wild_000252.png,2
train,train/cat/pixabay_cat_001984.png,0
val,val/dog/flickr_dog_000258.png,1
val,val/wild/flickr_wild_001843.png,2
val,val/cat/pixabay_cat_001003.png,0
train,train/dog/pixabay_dog_002087.png,1
val,val/cat/pixabay_cat_001457.png,0
train,train/dog/pixabay_dog_000510.png,1
val,val/cat/flickr_cat_000233.png,0
train,train/cat/pixabay_cat_001999.png,0
val,val/cat/pixabay_cat_001455.png,0
val,val/wild/flickr_wild_001329.png,2
val,val/wild/flickr_wild_003186.png,2
train,train/wild/flickr_wild_000260.png,2
val,val/cat/pixabay_cat_003359.png,0
val,val/cat/pixabay_cat_004421.png,0
val,val/wild/flickr_wild_000632.png,2
val,val/wild/flickr_wild_000731.png,2
train,train/dog/pixabay_dog_003920.png,1
train,train/cat/flickr_cat_000462.png,0
train,train/cat/flickr_cat_000749.png,0
train,train/dog/pixabay_dog_002718.png,1
val,val/cat/flickr_cat_000387.png,0
train,train/cat/pixabay_cat_001846.png,0
val,val/cat/pixabay_cat_003701.png,0
val,val/dog/pixabay_dog_001171.png,1
val,val/dog/pixabay_dog_002297.png,1
train,train/cat/pixabay_cat_004729.png,0
val,val/wild/pixabay_wild_000745.png,2
train,train/cat/pixabay_cat_001839.png,0
val,val/wild/pixabay_wild_000022.png,2
train,train/cat/pixabay_cat_001868.png,0
train,train/cat/pixabay_cat_002564.png,0
train,train/wild/pixabay_wild_000426.png,2
train,train/cat/pixabay_cat_001538.png,0
train,train/cat/pixabay_cat_001835.png,0
train,train/dog/flickr_dog_000515.png,1
train,train/dog/flickr_dog_000976.png,1
train,train/wild/pixabay_wild_000651.png,2
val,val/wild/pixabay_wild_000654.png,2
val,val/cat/pixabay_cat_003848.png,0
val,val/cat/pixabay_cat_002640.png,0
val,val/wild/flickr_wild_000685.png,2
val,val/dog/flickr_dog_000695.png,1
val,val/cat/pixabay_cat_001196.png,0
train,train/wild/flickr_wild_000391.png,2
val,val/cat/flickr_cat_000292.png,0
train,train/dog/pixabay_dog_002379.png,1
train,train/dog/pixabay_dog_003684.png,1
train,train/cat/pixabay_cat_000758.png,0
train,train/cat/pixabay_cat_000976.png,0
val,val/wild/pixabay_wild_000363.png,2
train,train/cat/pixabay_cat_003517.png,0
train,train/wild/flickr_wild_002884.png,2
train,train/wild/flickr_wild_001640.png,2
val,val/wild/flickr_wild_002886.png,2
val,val/wild/flickr_wild_000988.png,2
val,val/dog/pixabay_dog_000890.png,1
val,val/cat/pixabay_cat_003503.png,0
val,val/wild/flickr_wild_000192.png,2
val,val/wild/pixabay_wild_000155.png,2
val,val/dog/pixabay_dog_003741.png,1
train,train/cat/pixabay_cat_003003.png,0
train,train/dog/pixabay_dog_000347.png,1
val,val/cat/pixabay_cat_000893.png,0
train,train/cat/pixabay_cat_001822.png,0
train,train/cat/pixabay_cat_001935.png,0
val,val/cat/flickr_cat_000372.png,0
val,val/wild/pixabay_wild_000680.png,2
train,train/cat/pixabay_cat_000266.png,0
train,train/wild/pixabay_wild_000583.png,2
train,train/wild/flickr_wild_000041.png,2
val,val/cat/pixabay_cat_004595.png,0
val,val/wild/flickr_wild_000699.png,2
train,train/dog/pixabay_dog_003182.png,1
train,train/wild/flickr_wild_002386.png,2
train,train/cat/pixabay_cat_003855.png,0
val,val/dog/pixabay_dog_000504.png,1
val,val/dog/pixabay_dog_001654.png,1
val,val/cat/pixabay_cat_004625.png,0
train,train/dog/pixabay_dog_000879.png,1
train,train/wild/flickr_wild_003774.png,2
train,train/wild/pixabay_wild_000987.png,2
train,train/wild/flickr_wild_002788.png,2
val,val/wild/pixabay_wild_000966.png,2
train,train/wild/flickr_wild_001750.png,2
val,val/dog/pixabay_dog_000764.png,1
train,train/cat/pixabay_cat_001091.png,0
train,train/cat/pixabay_cat_001921.png,0
train,train/dog/pixabay_dog_002651.png,1
train,train/wild/flickr_wild_001182.png,2
val,val/wild/flickr_wild_001545.png,2
train,train/wild/pixabay_wild_001040.png,2
val,val/cat/pixabay_cat_003313.png,0
val,val/cat/pixabay_cat_004146.png,0
val,val/dog/pixabay_dog_002144.png,1
val,val/cat/flickr_cat_000419.png,0
val,val/cat/pixabay_cat_002686.png,0
val,val/cat/pixabay_cat_000751.png,0
train,train/cat/pixabay_cat_002956.png,0
train,train/wild/flickr_wild_000118.png,2
val,val/dog/pixabay_dog_001083.png,1
val,val/dog/pixabay_dog_001799.png,1
val,val/wild/flickr_wild_003361.png,2
val,val/wild/flickr_wild_002676.png,2
train,train/cat/pixabay_cat_000704.png,0
val,val/wild/pixabay_wild_000629.png,2
val,val/dog/pixabay_dog_003887.png,1
val,val/wild/flickr_wild_002410.png,2
val,val/wild/flickr_wild_000419.png,2
train,train/cat/pixabay_cat_002209.png,0
val,val/cat/pixabay_cat_002582.png,0
train,train/dog/pixabay_dog_002262.png,1
val,val/dog/pixabay_dog_001443.png,1
val,val/dog/pixabay_dog_003468.png,1
val,val/cat/pixabay_cat_004063.png,0
train,train/cat/pixabay_cat_003095.png,0
val,val/wild/flickr_wild_002092.png,2
val,val/dog/pixabay_dog_003008.png,1
train,train/dog/pixabay_dog_003613.png,1
train,train/dog/pixabay_dog_002311.png,1
val,val/cat/pixabay_cat_003218.png,0
val,val/cat/pixabay_cat_000353.png,0
train,train/cat/pixabay_cat_002609.png,0
val,val/wild/flickr_wild_001354.png,2
val,val/dog/flickr_dog_000675.png,1
val,val/wild/flickr_wild_000017.png,2
val,val/cat/pixabay_cat_003577.png,0
val,val/dog/pixabay_dog_000238.png,1
val,val/cat/pixabay_cat_001974.png,0
train,train/dog/pixabay_dog_000857.png,1
val,val/cat/pixabay_cat_004019.png,0
val,val/dog/pixabay_dog_003372.png,1
train,train/cat/pixabay_cat_001311.png,0
val,val/dog/flickr_dog_000198.png,1
train,train/dog/flickr_dog_001115.png,1
val,val/wild/flickr_wild_003326.png,2
val,val/wild/pixabay_wild_000791.png,2
val,val/wild/flickr_wild_000535.png,2
val,val/cat/pixabay_cat_003358.png,0
train,train/dog/flickr_dog_000910.png,1
val,val/cat/flickr_cat_000182.png,0
train,train/wild/flickr_wild_002762.png,2
val,val/cat/pixabay_cat_000392.png,0
val,val/cat/pixabay_cat_003117.png,0
train,train/dog/pixabay_dog_004043.png,1
val,val/dog/flickr_dog_001012.png,1
val,val/dog/flickr_dog_000849.png,1
train,train/cat/pixabay_cat_000452.png,0
train,train/cat/pixabay_cat_001156.png,0
train,train/cat/pixabay_cat_002421.png,0
train,train/cat/flickr_cat_000365.png,0
train,train/cat/pixabay_cat_004197.png,0
val,val/cat/pixabay_cat_002310.png,0
val,val/wild/flickr_wild_000929.png,2
val,val/dog/flickr_dog_000054.png,1
train,train/dog/flickr_dog_000194.png,1
val,val/dog/flickr_dog_001100.png,1
train,train/dog/pixabay_dog_000719.png,1
train,train/cat/pixabay_cat_004004.png,0
val,val/wild/flickr_wild_001552.png,2
train,train/dog/pixabay_dog_001416.png,1
val,val/dog/pixabay_dog_000790.png,1
val,val/wild/flickr_wild_002166.png,2
val,val/wild/flickr_wild_002801.png,2
train,train/dog/pixabay_dog_002298.png,1
train,train/wild/flickr_wild_001864.png,2
train,train/dog/pixabay_dog_003108.png,1
train,train/wild/flickr_wild_000362.png,2
train,train/dog/flickr_dog_001162.png,1
train,train/wild/pixabay_wild_000335.png,2
val,val/dog/pixabay_dog_003672.png,1
val,val/wild/flickr_wild_003501.png,2
val,val/wild/flickr_wild_003061.png,2
train,train/cat/pixabay_cat_000568.png,0
val,val/wild/flickr_wild_000628.png,2
val,val/wild/flickr_wild_003173.png,2
train,train/dog/flickr_dog_000704.png,1
train,train/cat/pixabay_cat_004208.png,0
train,train/wild/flickr_wild_003218.png,2
val,val/dog/pixabay_dog_001962.png,1
train,train/wild/flickr_wild_000458.png,2
train,train/dog/pixabay_dog_000921.png,1
train,train/cat/pixabay_cat_001987.png,0
train,train/wild/pixabay_wild_000473.png,2
val,val/dog/pixabay_dog_001098.png,1
val,val/cat/pixabay_cat_002865.png,0
train,train/dog/pixabay_dog_001040.png,1
val,val/cat/flickr_cat_000526.png,0
train,train/cat/flickr_cat_000805.png,0
val,val/dog/pixabay_dog_002383.png,1
val,val/dog/pixabay_dog_002801.png,1
train,train/wild/flickr_wild_000810.png,2
train,train/cat/flickr_cat_000025.png,0
train,train/cat/pixabay_cat_002361.png,0
train,train/cat/pixabay_cat_002546.png,0
val,val/dog/pixabay_dog_001361.png,1
train,train/cat/pixabay_cat_002589.png,0
train,train/dog/pixabay_dog_003484.png,1
val,val/cat/pixabay_cat_001612.png,0
val,val/cat/pixabay_cat_001105.png,0
val,val/wild/flickr_wild_001250.png,2
val,val/cat/pixabay_cat_000070.png,0
val,val/wild/flickr_wild_002295.png,2
val,val/cat/pixabay_cat_002138.png,0
train,train/dog/pixabay_dog_003719.png,1
val,val/cat/pixabay_cat_002133.png,0
train,train/dog/pixabay_dog_000377.png,1
train,train/wild/flickr_wild_001808.png,2
train,train/cat/flickr_cat_000371.png,0
val,val/wild/flickr_wild_003120.png,2
train,train/wild/pixabay_wild_001110.png,2
val,val/dog/flickr_dog_000454.png,1
val,val/wild/flickr_wild_003350.png,2
val,val/wild/flickr_wild_001547.png,2
train,train/cat/pixabay_cat_000137.png,0
train,train/cat/flickr_cat_000705.png,0
train,train/wild/flickr_wild_003021.png,2
val,val/wild/flickr_wild_000470.png,2
val,val/cat/pixabay_cat_003734.png,0
train,train/cat/pixabay_cat_004528.png,0
val,val/cat/pixabay_cat_001460.png,0
train,train/wild/flickr_wild_003787.png,2
train,train/cat/pixabay_cat_002178.png,0
train,train/dog/pixabay_dog_003186.png,1
val,val/dog/flickr_dog_000313.png,1
train,train/cat/pixabay_cat_003461.png,0
val,val/cat/pixabay_cat_004616.png,0
train,train/cat/pixabay_cat_004789.png,0
train,train/wild/flickr_wild_000263.png,2
val,val/dog/pixabay_dog_001370.png,1
train,train/cat/pixabay_cat_001170.png,0
train,train/cat/flickr_cat_000045.png,0
train,train/dog/pixabay_dog_002953.png,1
val,val/dog/pixabay_dog_001196.png,1
train,train/dog/pixabay_dog_002969.png,1
val,val/dog/pixabay_dog_000507.png,1
train,train/dog/pixabay_dog_002650.png,1
train,train/dog/pixabay_dog_002553.png,1
train,train/wild/flickr_wild_001831.png,2
train,train/cat/pixabay_cat_001488.png,0
train,train/wild/flickr_wild_001933.png,2
train,train/dog/pixabay_dog_000726.png,1
train,train/wild/pixabay_wild_000572.png,2
train,train/dog/flickr_dog_000033.png,1
train,train/dog/flickr_dog_000265.png,1
train,train/dog/flickr_dog_000125.png,1
train,train/cat/pixabay_cat_003627.png,0
train,train/wild/flickr_wild_003880.png,2
train,train/wild/flickr_wild_003276.png,2
train,train/cat/pixabay_cat_004199.png,0
train,train/wild/pixabay_wild_000878.png,2
train,train/cat/pixabay_cat_002040.png,0
val,val/wild/flickr_wild_003849.png,2
train,train/dog/pixabay_dog_003023.png,1
train,train/cat/pixabay_cat_001559.png,0
train,train/cat/flickr_cat_000463.png,0
train,train/wild/flickr_wild_001343.png,2
val,val/wild/flickr_wild_003145.png,2
train,train/dog/pixabay_dog_000808.png,1
val,val/wild/flickr_wild_001945.png,2
train,train/wild/pixabay_wild_000645.png,2
val,val/dog/pixabay_dog_001445.png,1
val,val/wild/flickr_wild_002020.png,2
val,val/dog/pixabay_dog_003710.png,1
train,train/dog/pixabay_dog_000690.png,1
val,val/dog/pixabay_dog_003591.png,1
val,val/cat/pixabay_cat_002559.png,0
val,val/cat/pixabay_cat_001997.png,0
train,train/wild/flickr_wild_003790.png,2
val,val/wild/flickr_wild_002614.png,2
val,val/wild/pixabay_wild_000751.png,2
val,val/dog/pixabay_dog_000271.png,1
val,val/dog/pixabay_dog_003069.png,1
train,train/dog/pixabay_dog_003938.png,1
train,train/cat/pixabay_cat_004163.png,0
train,train/cat/pixabay_cat_003105.png,0
val,val/cat/flickr_cat_000283.png,0
val,val/wild/flickr_wild_000225.png,2
val,val/dog/flickr_dog_000629.png,1
val,val/dog/pixabay_dog_000114.png,1
train,train/dog/pixabay_dog_003010.png,1
train,train/wild/flickr_wild_002346.png,2
val,val/cat/pixabay_cat_000468.png,0
val,val/cat/flickr_cat_000437.png,0
train,train/dog/flickr_dog_000022.png,1
train,train/dog/flickr_dog_000938.png,1
train,train/cat/pixabay_cat_000445.png,0
train,train/cat/pixabay_cat_002720.png,0
train,train/dog/pixabay_dog_001018.png,1
val,val/dog/flickr_dog_000217.png,1
train,train/cat/flickr_cat_000367.png,0
val,val/cat/pixabay_cat_000248.png,0
val,val/wild/flickr_wild_000432.png,2
val,val/wild/flickr_wild_002544.png,2
val,val/dog/flickr_dog_000521.png,1
train,train/cat/pixabay_cat_004682.png,0
train,train/cat/pixabay_cat_003071.png,0
val,val/dog/pixabay_dog_003355.png,1
val,val/cat/pixabay_cat_002129.png,0
val,val/cat/pixabay_cat_000076.png,0
val,val/wild/flickr_wild_001598.png,2
train,train/cat/pixabay_cat_002854.png,0
train,train/wild/flickr_wild_003114.png,2
val,val/wild/flickr_wild_001683.png,2
train,train/cat/pixabay_cat_002422.png,0
train,train/wild/flickr_wild_002649.png,2
train,train/cat/pixabay_cat_002748.png,0
val,val/cat/pixabay_cat_003964.png,0
val,val/wild/flickr_wild_000064.png,2
train,train/wild/flickr_wild_001854.png,2
val,val/wild/flickr_wild_003927.png,2
train,train/wild/pixabay_wild_000114.png,2
val,val/cat/pixabay_cat_000315.png,0
train,train/wild/flickr_wild_003801.png,2
train,train/dog/flickr_dog_001098.png,1
train,train/cat/pixabay_cat_000772.png,0
val,val/cat/pixabay_cat_000812.png,0
val,val/dog/pixabay_dog_000826.png,1
train,train/dog/flickr_dog_000721.png,1
train,train/wild/flickr_wild_001175.png,2
train,train/wild/pixabay_wild_000131.png,2
val,val/cat/pixabay_cat_001672.png,0
train,train/cat/pixabay_cat_001041.png,0
val,val/dog/flickr_dog_000642.png,1
val,val/cat/pixabay_cat_003924.png,0
train,train/wild/flickr_wild_001523.png,2
val,val/dog/pixabay_dog_002567.png,1
val,val/cat/pixabay_cat_003811.png,0
train,train/dog/pixabay_dog_000601.png,1
val,val/wild/pixabay_wild_001128.png,2
val,val/dog/pixabay_dog_000338.png,1
val,val/dog/pixabay_dog_003323.png,1
val,val/wild/flickr_wild_002775.png,2
val,val/wild/pixabay_wild_000794.png,2
train,train/cat/pixabay_cat_000407.png,0
train,train/dog/pixabay_dog_000302.png,1
val,val/cat/pixabay_cat_002064.png,0
val,val/dog/pixabay_dog_003449.png,1
train,train/cat/pixabay_cat_000135.png,0
val,val/wild/flickr_wild_003768.png,2
val,val/wild/flickr_wild_002517.png,2
train,train/wild/flickr_wild_000573.png,2
train,train/dog/flickr_dog_000762.png,1
train,train/wild/flickr_wild_000073.png,2
train,train/cat/pixabay_cat_002004.png,0
train,train/wild/flickr_wild_002968.png,2
train,train/wild/flickr_wild_003647.png,2
train,train/cat/pixabay_cat_001676.png,0
val,val/cat/pixabay_cat_004179.png,0
val,val/dog/flickr_dog_000854.png,1
val,val/wild/flickr_wild_003238.png,2
train,train/dog/flickr_dog_000945.png,1
train,train/cat/pixabay_cat_000128.png,0
val,val/cat/pixabay_cat_003794.png,0
val,val/cat/pixabay_cat_003210.png,0
val,val/dog/pixabay_dog_003351.png,1
train,train/wild/flickr_wild_000492.png,2
train,train/wild/flickr_wild_002203.png,2
val,val/cat/pixabay_cat_001599.png,0
val,val/dog/pixabay_dog_002122.png,1
val,val/cat/pixabay_cat_000663.png,0
val,val/dog/pixabay_dog_000480.png,1
val,val/dog/pixabay_dog_003192.png,1
val,val/dog/pixabay_dog_002647.png,1
val,val/cat/pixabay_cat_003743.png,0
train,train/cat/pixabay_cat_001859.png,0
train,train/cat/flickr_cat_000601.png,0
val,val/wild/pixabay_wild_000183.png,2
val,val/dog/flickr_dog_000619.png,1
val,val/wild/pixabay_wild_000420.png,2
val,val/dog/pixabay_dog_003669.png,1
train,train/cat/pixabay_cat_002780.png,0
val,val/dog/flickr_dog_000772.png,1
train,train/wild/pixabay_wild_000141.png,2
train,train/cat/pixabay_cat_000581.png,0
val,val/dog/pixabay_dog_003990.png,1
train,train/wild/flickr_wild_000819.png,2
train,train/dog/flickr_dog_000607.png,1
val,val/wild/flickr_wild_003586.png,2
train,train/cat/pixabay_cat_003050.png,0
train,train/dog/pixabay_dog_001826.png,1
val,val/cat/pixabay_cat_002090.png,0
train,train/dog/pixabay_dog_001256.png,1
train,train/cat/pixabay_cat_000724.png,0
val,val/wild/flickr_wild_003617.png,2
val,val/cat/flickr_cat_000560.png,0
val,val/cat/pixabay_cat_004765.png,0
train,train/wild/pixabay_wild_000687.png,2
train,train/cat/flickr_cat_000686.png,0
train,train/dog/flickr_dog_000578.png,1
train,train/cat/pixabay_cat_000519.png,0
val,val/dog/pixabay_dog_002313.png,1
train,train/wild/flickr_wild_003224.png,2
val,val/cat/pixabay_cat_002267.png,0
train,train/cat/pixabay_cat_000422.png,0
val,val/wild/flickr_wild_001862.png,2
train,train/dog/pixabay_dog_000648.png,1
train,train/dog/pixabay_dog_002428.png,1
val,val/wild/flickr_wild_002754.png,2
val,val/dog/pixabay_dog_001567.png,1
val,val/dog/pixabay_dog_000491.png,1
train,train/dog/pixabay_dog_002549.png,1
val,val/cat/pixabay_cat_001465.png,0
train,train/dog/pixabay_dog_002643.png,1
val,val/cat/flickr_cat_000608.png,0
train,train/wild/flickr_wild_002360.png,2
train,train/dog/pixabay_dog_001810.png,1
train,train/wild/flickr_wild_000730.png,2
train,train/wild/flickr_wild_003019.png,2
val,val/wild/pixabay_wild_000855.png,2
val,val/dog/pixabay_dog_001231.png,1
train,train/wild/pixabay_wild_000302.png,2
train,train/dog/flickr_dog_001105.png,1
train,train/cat/flickr_cat_000264.png,0
val,val/wild/flickr_wild_002733.png,2
val,val/cat/pixabay_cat_000380.png,0
val,val/cat/pixabay_cat_002398.png,0
train,train/dog/pixabay_dog_003415.png,1
train,train/cat/pixabay_cat_002163.png,0
val,val/cat/flickr_cat_000177.png,0
train,train/dog/pixabay_dog_003361.png,1
train,train/dog/pixabay_dog_002576.png,1
train,train/dog/pixabay_dog_000437.png,1
val,val/cat/pixabay_cat_000840.png,0
val,val/wild/flickr_wild_003969.png,2
train,train/cat/pixabay_cat_002846.png,0
val,val/cat/pixabay_cat_001309.png,0
train,train/dog/pixabay_dog_001434.png,1
train,train/dog/pixabay_dog_002052.png,1
val,val/wild/flickr_wild_003436.png,2
val,val/dog/pixabay_dog_000494.png,1
val,val/dog/pixabay_dog_003922.png,1
train,train/cat/pixabay_cat_002985.png,0
train,train/dog/pixabay_dog_001089.png,1
train,train/dog/flickr_dog_000016.png,1
train,train/dog/pixabay_dog_003734.png,1
train,train/cat/pixabay_cat_004051.png,0
train,train/cat/pixabay_cat_001190.png,0
train,train/dog/pixabay_dog_002229.png,1
val,val/wild/pixabay_wild_000719.png,2
val,val/wild/flickr_wild_000752.png,2
val,val/wild/flickr_wild_003918.png,2
train,train/dog/pixabay_dog_002060.png,1
val,val/cat/pixabay_cat_004039.png,0
val,val/dog/flickr_dog_001002.png,1
train,train/dog/pixabay_dog_003231.png,1
train,train/cat/pixabay_cat_003248.png,0
train,train/dog/pixabay_dog_002558.png,1
train,train/wild/pixabay_wild_000600.png,2
val,val/dog/pixabay_dog_003410.png,1
train,train/cat/pixabay_cat_001059.png,0
train,train/wild/flickr_wild_001077.png,2
val,val/dog/flickr_dog_000949.png,1
train,train/dog/pixabay_dog_001501.png,1
train,train/dog/pixabay_dog_000878.png,1
train,train/cat/pixabay_cat_004173.png,0
train,train/dog/pixabay_dog_002284.png,1
val,val/wild/flickr_wild_003882.png,2
train,train/dog/pixabay_dog_002510.png,1
val,val/cat/pixabay_cat_000929.png,0
val,val/dog/flickr_dog_000245.png,1
train,train/dog/flickr_dog_000760.png,1
val,val/dog/flickr_dog_001071.png,1
train,train/wild/flickr_wild_002535.png,2
train,train/dog/flickr_dog_000250.png,1
train,train/wild/pixabay_wild_000908.png,2
val,val/cat/pixabay_cat_002155.png,0
train,train/dog/pixabay_dog_003956.png,1
train,train/dog/pixabay_dog_002851.png,1
val,val/cat/pixabay_cat_004337.png,0
train,train/wild/flickr_wild_002900.png,2
val,val/cat/pixabay_cat_002694.png,0
train,train/cat/pixabay_cat_003269.png,0
train,train/cat/pixabay_cat_003800.png,0
train,train/dog/pixabay_dog_003360.png,1
val,val/cat/pixabay_cat_000181.png,0
train,train/cat/pixabay_cat_003813.png,0
val,val/wild/flickr_wild_001892.png,2
val,val/wild/flickr_wild_000526.png,2
train,train/dog/pixabay_dog_003125.png,1
train,train/wild/flickr_wild_000245.png,2
train,train/cat/pixabay_cat_004607.png,0
val,val/cat/pixabay_cat_003472.png,0
train,train/dog/flickr_dog_001164.png,1
val,val/wild/flickr_wild_001475.png,2
val,val/wild/flickr_wild_001587.png,2
train,train/dog/pixabay_dog_000156.png,1
train,train/wild/flickr_wild_003579.png,2
val,val/cat/pixabay_cat_003529.png,0
val,val/wild/flickr_wild_003840.png,2
val,val/dog/pixabay_dog_002418.png,1
val,val/wild/pixabay_wild_000958.png,2
val,val/dog/pixabay_dog_003165.png,1
train,train/dog/pixabay_dog_003843.png,1
val,val/wild/flickr_wild_002524.png,2
train,train/cat/flickr_cat_000674.png,0
train,train/cat/flickr_cat_000493.png,0
train,train/cat/pixabay_cat_001312.png,0
val,val/dog/pixabay_dog_002739.png,1
val,val/wild/flickr_wild_000700.png,2
train,train/dog/pixabay_dog_000428.png,1
train,train/cat/pixabay_cat_000494.png,0
val,val/dog/flickr_dog_000468.png,1
val,val/cat/pixabay_cat_004663.png,0
train,train/dog/pixabay_dog_003815.png,1
val,val/dog/pixabay_dog_001431.png,1
train,train/cat/pixabay_cat_003376.png,0
val,val/wild/flickr_wild_002784.png,2
train,train/wild/flickr_wild_001708.png,2
val,val/wild/flickr_wild_003827.png,2
train,train/dog/pixabay_dog_002780.png,1
val,val/cat/pixabay_cat_001690.png,0
val,val/cat/pixabay_cat_002890.png,0
train,train/dog/pixabay_dog_003599.png,1
val,val/dog/pixabay_dog_001931.png,1
val,val/wild/pixabay_wild_000732.png,2
val,val/wild/flickr_wild_003796.png,2
train,train/cat/pixabay_cat_003751.png,0
val,val/cat/pixabay_cat_004816.png,0
train,train/dog/flickr_dog_000357.png,1
val,val/cat/pixabay_cat_002712.png,0
val,val/dog/pixabay_dog_001234.png,1
train,train/wild/pixabay_wild_000942.png,2
